Model,Accuracy,Precision,Recall,F1 Score,True Negative,False Positive,False Negative,True Positive,CV Mean Score | Accuracy | k= 10 folds,CV Std Dev Score| Accuracy | k= 10 folds,CV Mean Score | Precision | k= 10 folds,CV Std Dev Score| Precision | k= 10 folds,CV Mean Score | Recall | k= 10 folds,CV Std Dev Score| Recall | k= 10 folds,CV Mean Score | F1 | k= 10 folds,CV Std Dev Score| F1 | k= 10 folds,CV Mean Score | Roc_auc | k= 10 folds,CV Std Dev Score| Roc_auc | k= 10 folds
Logistic Regression,0.6085790884718498,0.6028119507908611,0.8386308068459658,0.7014314928425358,111,226,66,343,0.6306053811659192,0.02531796927927228,0.6505355758501348,0.016073296632162504,0.8083333333333333,0.03773457395579478,0.7206574043873719,0.022549005667636218,0.624056333159594,0.02320485876936346
Decision Tree,0.8163538873994638,0.8192488262910798,0.8533007334963325,0.8359281437125747,260,77,60,349,0.810349935938501,0.035796091499189935,0.837526778288655,0.02678042915010792,0.8424242424242424,0.04907313557788378,0.8393610200349855,0.032985243757750436,0.9027038631658197,0.027341241901300193
