Model,Accuracy,Precision,Recall,F1 Score,True Negative,False Positive,False Negative,True Positive,CV Mean Score | Accuracy | k= 10 folds,CV Std Dev Score| Accuracy | k= 10 folds,CV Mean Score | Precision | k= 10 folds,CV Std Dev Score| Precision | k= 10 folds,CV Mean Score | Recall | k= 10 folds,CV Std Dev Score| Recall | k= 10 folds,CV Mean Score | F1 | k= 10 folds,CV Std Dev Score| F1 | k= 10 folds,CV Mean Score | Roc_auc | k= 10 folds,CV Std Dev Score| Roc_auc | k= 10 folds
Logistic Regression,0.5946398659966499,0.6046511627906976,0.7831325301204819,0.6824146981627296,95,170,72,260,0.6134260398720157,0.023494282368386576,0.6406368519595856,0.02070050580073116,0.7773997944501542,0.017993564531460338,0.702138306174872,0.014383298170042485,0.6212763942040114,0.023856435419304694
Decision Tree,0.7906197654941374,0.8071216617210683,0.8192771084337349,0.813153961136024,200,65,60,272,0.798310537604163,0.02927883295016409,0.8226508290687395,0.026358208333572084,0.8367728674203494,0.03713742508812453,0.8291796688327707,0.025665262023540594,0.8959295057990182,0.025921537713596027
