Model,Accuracy,Precision,Recall,F1 Score,True Negative,False Positive,False Negative,True Positive,CV Mean Score | Accuracy | k= 10 folds,CV Std Dev Score| Accuracy | k= 10 folds,CV Mean Score | Precision | k= 10 folds,CV Std Dev Score| Precision | k= 10 folds,CV Mean Score | Recall | k= 10 folds,CV Std Dev Score| Recall | k= 10 folds,CV Mean Score | F1 | k= 10 folds,CV Std Dev Score| F1 | k= 10 folds,CV Mean Score | Roc_auc | k= 10 folds,CV Std Dev Score| Roc_auc | k= 10 folds
Logistic Regression,0.587709497206704,0.5975422427035331,0.7842741935483871,0.6782911944202268,137,262,107,389,0.6257867132867132,0.022872768150931637,0.6516169114620121,0.015177766574369336,0.7874967217414108,0.034482648726350464,0.7129208437180675,0.020759103346792145,0.6212742945420715,0.024914562596361406
Decision Tree,0.7899441340782123,0.8104838709677419,0.8104838709677419,0.8104838709677419,305,94,94,402,0.7963654766286347,0.024842806852236474,0.8336733426486169,0.02774748134128963,0.8200563860477313,0.04706936650856535,0.8252090197783429,0.02364894486946365,0.8949616026675248,0.026444869266221322
